movie_id,片名,年份,导演,编剧,主演,类型,制片国家/地区,语言,上映日期,片长,海报URL,豆瓣评分,剧情简介
34825886,熊出没·狂野大陆,2021,丁亮 / 邵和麒,徐芸 / 崔铁志 / 张宇,张伟 / 张秉君 / 谭笑,喜剧 / 科幻 / 动画,中国大陆,汉语普通话,2021-02-12(中国大陆) / 2020-08-01(上海电影节),99分钟,https://img2.doubanio.com/view/photo/s_ratio_poster/public/p2631708261.webp,6.2,狗熊岭附近新开业了一个神奇的“狂野大陆”，在那里，通过基因技术人可以自由变身各种动物，享受无比的自由和快乐。导游事业受挫的光头强，阴差阳错与神秘人乐天和熊二组队，参加乐园里奖金丰厚的比赛，却遭遇了队友乐天的背叛，历尽艰险终于获得冠军之际，却意外发现狂野大陆里隐藏着惊天的阴谋......
34880302,人潮汹涌,2021,饶晓志,饶晓志 / 范翔 / 李想,刘德华 / 肖央 / 万茜 / 程怡 / 黄小蕾 / 国义骞 / 狄志杰 / 郭京飞 / 刘天佐 / 路阳 / 郭帆 / 刘浩良 / 饶晓志 / 雷佳音 / 史航 / 魏之皓 / 王学兵 / 林海 / 隋凯 / 卫莱 / 邵逸凡,喜剧 / 犯罪,中国大陆 / 中国香港,汉语普通话,2021-02-12(中国大陆),119分钟,https://img9.doubanio.com/view/photo/s_ratio_poster/public/p2632862664.webp,6.5,陈小萌（肖央 饰）一直渴望成为一名演员，但残酷的现实令他至今扔在龙套的位置上苦苦挣扎。没钱没工作没恋人没朋友还欠了一大笔钱的陈小萌想到了死，可是就连死神都抛弃了他，他数次自杀都以失败告终。                                                                      　　一天，陈小萌去澡堂泡澡，意外邂逅了一位神秘且富有的男子（刘德华 饰），该男子在澡堂里意外摔倒昏迷被送进了医院，拾得了他的储物室手环的陈小萌决定顶替他的身份，享受一下富人的生活。头部的撞击令男子失忆了，凭借着零星的线索，他认定自己是陈小萌，并且顺藤摸瓜来到了陈小萌的出租屋，希望熟悉的环境能够令他更快的恢复记忆。在此过程中，男子邂逅了名为李想（万茜 饰）的自媒体人，两人之间碰撞出了火花。
34841067,你好，李焕英,2021,贾玲,贾玲 / 孙集斌 / 王宇 / 刘宏禄 / 卜钰 / 郭宇鹏更多...,贾玲 / 张小斐 / 沈腾 / 陈赫 / 刘佳 / 丁嘉丽 / 王琳 / 杜源 / 何翯 / 何欢 / 韩云云 / 包文婧 / 葛珊珊 / 史策 / 黄小猫 / 许君聪 / 卜钰 / 刘宏禄 / 魏翔 / 孙集斌 / 张泰维 / 郭宇鹏 / 朱天福 / 冯巩 / 乔杉 / 王小利 / 宋晓峰 / 董若溪 / 曹贺军 / 赵婷婷 / 姬晴 / 郭祥鹏 / 李一峰 / 潘斌龙,剧情 / 喜剧 / 奇幻,中国大陆,汉语普通话,2021-02-12(中国大陆),128分钟,https://img1.doubanio.com/view/photo/s_ratio_poster/public/p2629056068.webp,7.7,一场意外，改变了一对母女的命运。病床上的母亲李焕英（刘佳 饰）昏迷不醒，女儿贾晓玲（贾玲 饰）涕泗横流，唯恐与母亲阴阳两隔。恍惚之中，晓玲突然穿越到久远以前的陌生时代，并在那里意外邂逅尚待字闺中的青年李焕英（张小斐 饰）。在此之后，晓玲以远亲相称，成为妈妈形影不离的好姐妹。许是见证了妈妈数十年来的劳苦辛酸，晓玲希望通过努力改变妈妈的命运，让她变成一个幸福快乐、富足无忧的女人。而一系列搞笑、感人的小故事，就围绕这对姐妹花母女展开……                                                                      　　本片根据贾玲取材自身经历创作的同名小品改编。
26826330,刺杀小说家,2021,路阳,陈舒 / 禹扬 / 秦海燕 / 路阳,雷佳音 / 杨幂 / 董子健 / 于和伟 / 郭京飞 / 佟丽娅 / 董洁 / 王圣迪 / 杨轶 / 刘天佐 / 李柄辉 / 萧子墨 / 双雪涛 / 徐建 / 刘迅 / 李士刚 / 袁帅 / 任杰 / 李军 / 陈铁军 / 李泰延 / 张优 / 张戈 / 谭天宇 / 虞书欣 / 高睿菲儿 / 吴振熙 / 王为成 / 黄皓达 / 韩陌 / 赵尤若男 / 康嘉泽 / 王洁 / 伍艺 / 张懿 / 李楠 / 关乐 / 马一萍,动作 / 奇幻 / 冒险,中国大陆,汉语普通话,2021-02-12(中国大陆),130分钟,https://img9.doubanio.com/view/photo/s_ratio_poster/public/p2628440875.webp,6.5,异世界皇都，天神赤发鬼残暴统治，滥杀无辜。少年空文因被赤发鬼追杀，决定奋起反击。在黑甲（郭京飞 饰）的指引下，踏上了凡人弑神之路。这是小说家路空文（董子健 饰）笔下的奇幻世界。没想到小说的进程，竟然影响着现实世界。这时一名男子（雷佳音 饰）接下了刺杀他的任务……
27619748,唐人街探案3,2021,陈思诚,陈思诚 / 张淳 / 刘吾驷 / 莲舟 / 严以宁,王宝强 / 刘昊然 / 妻夫木聪 / 托尼·贾 / 长泽雅美 / 染谷将太 / 铃木保奈美 / 浅野忠信 / 三浦友和 / 尚语贤 / 肖央 / 张子枫 / 邱泽 / 张钧甯 / 马伯骞 / 程潇 / 陈哲远 / 李明轩 / 崔雨鑫 / 张一白 / 文咏珊 / 张熙然 / 克拉拉 / 树林伸 / 刘德华 / 陈思诚 / 平山日和 / 奥田瑛二 / 六平直政 / 酒向芳 / 秋成勋 / 桥本爱实 / 长井短 / 宇治清高 / 张国强 / 大鹏 / 陈祉希 / 林沐然 / 田代良德,喜剧 / 悬疑,中国大陆 / 中国香港 / 日本,汉语普通话 / 日语 / 英语 / 泰语,2021-02-12(中国大陆),136分钟,https://img3.doubanio.com/view/photo/s_ratio_poster/public/p2622388983.webp,5.3,为了争夺东京新唐人街的开发权，东南亚帮派与日本黑帮组织黑龙会纷争不断。为了避免冲突升级，合作共赢，东南亚商会会长苏察维邀请黑龙会头目渡边胜（三浦友和 饰）谈判。谈判地点设在四面环水的日式茶室，室内只有双方头目而已。谁知谈判开始没多久，室内就传来惨叫声。众人涌入后发现，苏察维被打碎的屏风玻璃杀害，而躺在一旁的渡边胜则满手鲜血。突发意外将双方敌意再度拉至顶点，为了证明清白，渡边通过侦探野田昊（妻木夫聪 饰）找来了秦风（刘昊然 饰）和唐仁（王宝强 饰），试图揭开密实杀人案的真相。                                                                      　　危机四伏的东京街头，这三个绝命侦探抽丝剥茧发现了令人难以置信的事实……
34779692,新神榜：哪吒重生,2021,赵霁,王微,杨天翔 / 张赫 / 宣晓鸣 / 李诗萌 / 朱可儿 / 凌振赫 / 刘若班 / 张遥函 / 张喆 / 高增志 / 郭浩然,动作 / 动画 / 奇幻,中国大陆,汉语普通话,2021-02-12(中国大陆),116分钟,https://img9.doubanio.com/view/photo/s_ratio_poster/public/p2631711326.webp,6.8,三千年前，天下动荡，人神共遇大劫，不想哪吒的一缕魂魄逃脱天罗地网，世世转世投胎，这一世与东海市酷爱机车的热血青年李云祥人神共生。然而龙族对哪吒恩怨并未善罢甘休，有着哪吒元神的李云祥，亦无法逃脱被龙族赶尽杀绝的宿命。东海危在旦夕，李云祥是否能够与哪吒元神并肩作战，成为抵抗龙族的英雄？东海市的子民能否得到拯救？
35608160,喜羊羊与灰太狼之筐出未来,2022,黄伟明,吴潮威 / 刘维 / 刘泽敏 / 耿漪淼,祖晴 / 张琳 / 邓玉婷 / 梁颖 / 刘红韵 / 高全胜 / 赵娜,喜剧 / 动画 / 运动,中国大陆,汉语普通话 / 粤语,2022-02-01(中国大陆) / 2026-05-29(中国大陆重映),94分钟,https://img3.doubanio.com/view/photo/s_ratio_poster/public/p2932452962.webp,6.7,喜羊羊、灰太狼与一众小羊组成的守护者队进入篮球顶级赛事决赛，但却意外地败北，团队分崩离析。                                                                      　　虽然各散东西，但对篮球的热爱和对冠军的渴望让大家再次组队，参加新一届大赛，然而这次的对手更强大，他们面临更大的挑战！
35337517,四海,2022,韩寒,韩寒,刘昊然 / 刘浩存 / 沈腾 / 尹正 / 乔杉 / 周奇 / 张宥浩 / 冯绍峰 / 黄晓明 / 王彦霖 / 陈小春 / 吴彦姝 / 万梓良 / 赵子琪,喜剧 / 动作 / 爱情,中国大陆,汉语普通话,2022-02-01(中国大陆),128分钟,https://img3.doubanio.com/view/photo/s_ratio_poster/public/p2867433563.webp,5.3,一个偏僻的临海小镇，黄发小青年吴仁耀（刘昊然 饰）依靠摩托特技为生，他喜欢上了美丽女孩周欢颂（刘浩存 饰），谁知却因此招惹上了欢颂的哥哥周欢歌（尹正 饰）。欢歌颇为欣赏阿耀的车技，于是将其招入自己的车队。阿耀为欢歌的豪爽直率所感染，无奈笑语欢歌有穷尽，这位车队大佬意外身亡，将青年男女的幻想彻底打破。巨额的债务转嫁到欢颂身上，逼不得已，阿耀只得和女孩前往大城市打拼。在这一过程中，男孩还重逢了久未见面的父亲吴仁腾（沈腾 饰）。                                                                      　　生活巨变，时代沧桑，畸零之人随波逐流，又奋楫博浪……
35312437,奇迹·笨小孩,2022,文牧野,周楚岑 / 修梦迪 / 文牧野 / 韩晓邯 / 钟伟,易烊千玺 / 田雨 / 陈哈琳 / 齐溪 / 公磊 / 许君聪 / 王宁 / 黄尧 / 巩金国 / 田壮壮 / 王传君 / 章宇 / 张志坚 / 咏梅 / 杨新鸣 / 徐峥 / 岳小军 / 朱俊麟 / 王丽涵 / 贾弘逍 / 韩德笑 / 孙征宇 / 黄艺馨 / 修梦迪 / 苏子航 / 郑伊倩 / 丁文博 / 陈翊曈,剧情,中国大陆,汉语普通话,2022-02-01(中国大陆),106分钟,https://img3.doubanio.com/view/photo/s_ratio_poster/public/p2842327103.webp,7.4,二十岁的景浩（易烊千玺 饰）独自带着年幼的妹妹来到深圳生活，兄妹俩生活温馨却拮据。为了妹妹高昂的手术费，机缘巧合之下，景浩得到一个机会，本以为美好生活即将来临，却不料遭遇重创。在时间和金钱的双重压力下，毫无退路的景浩决定孤注一掷，而他陷入困境的平凡人生，又能否燃起希望的火花？                                                                      　　电影《奇迹》是中宣部国家电影局2021年重点电影项目，也是2021年重点建党百年献礼片，描述十八大以后新时代年轻人在深圳创业的影片。
35377026,熊出没·重返地球,2022,林汇达,万秦 / 徐芸 / 蒋琳,张秉君 / 张伟 / 谭笑 / 李婉瑶 / 程子洋 / 刘思奇,喜剧 / 动画 / 儿童,中国大陆,汉语普通话,2022-02-01(中国大陆),99分钟,https://img2.doubanio.com/view/photo/s_ratio_poster/public/p2856825681.webp,6.5,有点懒又有点馋的熊二虽然总是各种失误犯错，内心却一直梦想成为一位英雄，以此获得大家特别是哥哥熊大的认可。                                                                      　　一块外星原核的坠落打破了狗熊岭的平静，熊二意外的与外星原核合体，成为了拥有外星智慧能量的熊！随之而来的是“外星人”阿布的抢夺。阿布为了夺回原核，故意制造事端，让熊二众叛亲离。就在阿布将要成功的时候，一支神秘高科技军团的攻击彻底打乱了计划，导致熊强组合甚至整个地球于巨大的危难之中。                                                                      　　阿布隐藏的身份以及来到地球的真正目的到底是什么？神秘的高科技军团背后有何故事？自暴自弃的熊二能否振作起来实现他的英雄梦？他们能否挽救地球的危机？
35215390,狙击手,2022,张艺谋 / 张末,陈宇 / 张艺谋,陈永胜 / 章宇 / 张译 / 刘奕铁 / 黄炎 / 王梓屹 / 陈铭杨 / 王乃训 / 程泓鑫 / 赵琥成 / 李汶聪 / 林博洋 / 王佑名 / 代文博 / 李鲲 / 曹操 / 柯国庆 / 钱焜 / 暗真 / 柯南·何裴 / 李凯文 / 勃小龙 / 孟丹青 / 叶风光,剧情 / 历史 / 战争,中国大陆,汉语普通话 / 英语,2022-02-01(中国大陆),96分钟,https://img2.doubanio.com/view/photo/s_ratio_poster/public/p2738601191.webp,7.7,1952年冬至1953年初，抗美援朝战争进入僵持阶段。交战双方开始了低密度的狙击战，这就是历史上著名的“冷枪冷炮运动”。志愿军一方，班长刘文武（章宇 饰）带领的狙击五班本领过硬，枪法绝神，战功赫赫的同时，也成为了美军忌惮憎恶的红色杀神。为了打击狙击五班的“嚣张气焰”，美军司令部调来了约翰（曹操 Jonathan Kos-Read 饰）率领的狙击小队试图捉住章宇。而自视甚高的约翰仰仗着高超的枪击和先进的武器装备，设计了一个极其大胆的诱捕计划。他将负伤的侦察兵亮亮（刘奕铁 饰）作为诱饵，吸引狙击五班来到了他精心布置的陷阱中央。                                                                      　　寒冷肃杀的战场上，一场静默的较量即将展开……
35505100,这个杀手不太冷静,2022,邢文雄,邢文雄,马丽 / 魏翔 / 陈明昊 / 周大勇 / 黄才伦 / 艾伦 / 高海宝 / 韩德笑 / 孙贵权 / 许猛 / 全容杓 / 卜俊男 / 张志忠 / 张建新 / 马驰 / 陶亮 / 詹卢卡·佐帕,喜剧,中国大陆,汉语普通话,2022-02-01(中国大陆),109分钟,https://img1.doubanio.com/view/photo/s_ratio_poster/public/p2814949620.webp,6.1,魏成功（魏翔 饰）非常热爱表演，然而其貌不扬的他往往只能够在电影里觅得一个跑龙套的角色，可即便如此，魏成功还是无比认真的对待着自己的每一个甚至连名字都没有的角色，这股子劲头引起了当红女明星米兰（马丽 饰）的注意。                                                                      　　米兰的弟弟米勒（黄才伦 饰）是一名电影导演，黑帮大佬哈维（陈明昊 饰）给他的电影投资了不菲的资金，哪知道亏得底裤都不剩，哈维一直爱慕着米兰，想要娶她为妻，可是米兰誓死不从。这一天，当哈维决定和姐弟两算总账之际，米兰告诉哈维自己认识他一直想要寻找的杀手卡尔（艾伦 饰）。哈维给了米兰一天的时间，让他把卡尔带到自己面前，实际上并不认识卡尔的米兰决定让魏成功来扮演这位冷酷的杀手。
35613853,长津湖之水门桥,2022,徐克,兰晓龙 / 黄建新,吴京 / 易烊千玺 / 朱亚文 / 李晨 / 韩东君 / 张涵予 / 耿乐 / 杜淳 / 段奕宏 / 胡军 / 王丽坤 / 杨一威 / 李卓扬 / 何跃飞 / 唐志强 / 刘治威 / 庄小龙 / 辛玉波 / 张跃 / 许明虎 / 王宁 / 王振威 / 陈泽轩 / 李小锋 / 詹姆斯·菲尔伯德 / 约翰·克鲁兹,剧情 / 历史 / 战争,中国大陆 / 中国香港,汉语普通话,2022-02-01(中国大陆),149分钟,https://img2.doubanio.com/view/photo/s_ratio_poster/public/p2846021991.webp,7.2,电影以抗美援朝战争第二次战役中的长津湖战役为背景，讲述了在结束了新兴里和下碣隅里的战斗之后，七连战士们又接到了更艰巨的任务……
35513968,交换人生,2023,苏伦,苏伦,雷佳音 / 张小斐 / 张宥浩 / 沙溢 / 刘敏涛 / 余皑磊 / 丁嘉丽 / 吴彦姝 / 杨恩又 / 曹桐睿 / 岳云鹏 / 杨迪 / 徐志胜 / 宋家腾 / 赖晓生 / 裴魁山 / 蒋赟 / 维维 / 傅首尔 / 王莎莎,喜剧 / 家庭 / 奇幻,中国大陆,汉语普通话,2023-01-22(中国大陆),110分钟,https://img1.doubanio.com/view/photo/s_ratio_poster/public/p2886396440.webp,5.0,如果交换人生会交换家人，你还愿意吗？仲达（雷佳音 饰）与金好（张小斐 饰）相亲后，意外和暗恋金好的少年陆小谷（张宥浩 饰）换身，并误打误撞交换了家人，开启了令人捧腹有笑有泪的奇“换”之旅……
35372742,无名,2023,程耳,程耳,梁朝伟 / 王一博 / 周迅 / 黄磊 / 森博之 / 大鹏 / 王传君 / 江疏影 / 张婧仪 / 周生昊 / 董易 / 古川岳史 / 彭广 / 赵左 / 高曙光 / 美浓轮泰史 / 金子浩拓 / 三浦研一 / 吴映 / 李欣 / 徐婧荧,剧情 / 悬疑 / 历史,中国大陆,汉语普通话 / 沪语 / 粤语 / 日语,2023-01-22(中国大陆) / 2025-08-02(中国大陆重映),128分钟,https://img9.doubanio.com/view/photo/s_ratio_poster/public/p2923651715.webp,6.6,20世纪40年代，上海正处于孤岛时期。各方势力犬牙交错，他们有姓无名，从不同的立场影响着历史走向。设在租界的76号特务机关，是听命于汪伪政府并服务日本帝国主义的邪恶机构。76号的主任何先生（梁朝伟 饰）巧舌如簧，粉饰太平，周游于日本特务机关长渡部（森博之 饰）和投机分子唐部长（大鹏 饰）中间，而他的微笑背后似乎别有深意。特务人员王先生（王传君 饰）和叶先生（王一博 饰）是一对听命于政治强权的好友，几具日本人的尸体，让他们的命运开始转向。承受不住革命的重压和死亡的威胁，原地下党成员张先生（黄磊 饰）突然叛变，他的变节使诡局走向激化。                                                                      　　命运多舛，弃生向死，向死而生！
35267208,流浪地球2,2023,郭帆,杨治学 / 龚格尔 / 郭帆 / 叶濡畅,吴京 / 刘德华 / 李雪健 / 沙溢 / 宁理 / 王智 / 朱颜曼滋 / 安地 / 王若熹 / 佟丽娅 / 伟大力 / 张衣 / 天使 / 克拉拉 / 叶展飞 / 倪腾 / 胡先煦 / 霍青 / 刘寅 / 国义骞 / 吴恩璇 / 王红卫 / 孔大山 / 徐建 / 刘佳沄 / 丁燕来 / 郜昂 / 严华 / 李仁 / 洪真 / 王磊 / 王一通 / 杨洪涛 / 赵叶索 / 李路琦 / 黄纪渊 / 郑楚一 / 吴静一 / 付嘉灏 / 瓦伦廷·沃罗布耶夫 / 李一冉 / 周强 / 朱超艺 / 何金和龙 / 何金和金 / 张涛 / 向进 / 李沛东,科幻 / 冒险 / 灾难,中国大陆,汉语普通话 / 俄语 / 英语 / 印地语 / 法语 / 葡萄牙语 / 日语 / 韩语 / 泰语 / 南非荷兰语,2023-01-22(中国大陆) / 2024-09-15(中国大陆重映),173分钟,https://img9.doubanio.com/view/photo/s_ratio_poster/public/p2916835424.webp,8.3,在并不遥远的未来，太阳急速衰老与膨胀，再过几百年整个太阳系将被它吞噬毁灭。为了应对这场史无前例的危机，地球各国放下芥蒂，成立联合政府，试图寻找人类存续的出路。通过摸索与考量，最终推着地球逃出太阳系的“移山计划”获得压倒性胜利。人们着手建造上万台巨大的行星发动机，带着地球踏上漫漫征程。满腔赤诚的刘培强（吴京 饰）和韩朵朵（王智 饰）历经层层考验成为航天员大队的一员，并由此相知相恋。但是漫漫征途的前方，仿佛有一股神秘的力量不断破坏者人类的自救计划。看似渺小的刘培强、量子科学家图恒宇（刘德华 饰）、联合政府中国代表周喆直（李雪健 饰）以及无数平凡的地球人，构成了这项伟大计划的重要一环……                                                                      　　本片根据刘慈欣同名科幻小说改编。
26649682,深海,2023,田晓鹏,田晓鹏 / 田博,苏鑫 / 王亭文 / 滕奎兴 / 杨婷 / 吉静 / 郭浩然 / 田晓鹏 / 董一 / 方韬辰,动画 / 奇幻,中国大陆,汉语普通话,2023-01-22(中国大陆),112分钟,https://img1.doubanio.com/view/photo/s_ratio_poster/public/p2885941329.webp,7.2,父母离异，家庭重组，亲情缺失。小女孩参宿（王亭文 配音）怯怯懦懦，脸上鲜有笑容。父亲（滕奎兴 配音）现在一心扑在新的妻子和出生不久的小弟弟身上，对她充满敷衍。远在他乡的母亲似乎开启了新的生活，拒绝对这个女儿施以哪怕一丁点的爱的恩惠。阴晦的日子里，参宿随同家人登上了六天七夜的海上游轮。狂风暴雨，怒浪滔天，女孩悲伤的心情被不断放大。当那团有如乱麻一般的龙卷风出现在海面时，母亲的歌声从远处传来，而参宿也消失在无尽的夜色之中。当她再度醒来时，发现自己身处海底的某个奇怪地方，光怪陆离的深海大饭店内，奇形怪状的食客们一边抱怨一边大快朵颐。而唯利是图的老板南河（苏鑫 配音）则自顾自做着他引以为豪的所谓创新菜。                                                                      　　参宿的到来，给南河带来了无穷的混乱与麻烦……
35766491,满江红,2023,张艺谋,陈宇 / 张艺谋,沈腾 / 易烊千玺 / 张译 / 雷佳音 / 岳云鹏 / 王佳怡 / 潘斌龙 / 余皑磊 / 郭京飞 / 欧豪 / 魏翔 / 张弛 / 黄炎 / 许静雅 / 蒋鹏宇 / 林博洋 / 飞凡 / 任思诺 / 陈永胜 / 张壹男,剧情 / 喜剧 / 悬疑 / 古装,中国大陆,汉语普通话 / 中国手语,2023-01-22(中国大陆),159分钟,https://img2.doubanio.com/view/photo/s_ratio_poster/public/p2887555071.webp,6.9,南宋绍兴年间，一代忠良岳鹏举物故，引无数良臣赤子扼腕叹息。四年后，奸相秦桧（雷佳音 饰）率兵与金国相约会谈。谁知会谈前夜，金国使者在秦桧驻地为人所害。事态紧急，亲兵营副统领孙均（易烊千玺 饰）得知小兵张大（沈腾 饰）了解线索，遂将其带到秦桧处。秦桧命二人一个时辰内找出真凶，否则一律处死。时间飞速流逝，舞姬瑶琴（王佳怡 饰）、更夫丁三旺（潘斌龙 饰）、马夫刘喜（余皑磊 饰）接连卷入其中，而宰相府总管何立（张译 饰）与副总管武义淳（岳云鹏 饰）相继入场，又将这场波谲云诡的调查涂满血腥。                                                                      　　谁是真正凶手？他们行刺所为何事？奸相内心深处又藏着什么不可告人的秘密？
36123159,熊出没·伴我“熊芯”,2023,林永长 / 邵和麒,崔铁志 / 刘圳杰 / 徐芸,张秉君 / 谭笑 / 张伟 / 缪莹莹 / 贾晨露 / 聂吉轩 / 王天昊 / 张茗 / 王思雨,喜剧 / 科幻 / 动画,中国大陆,汉语普通话,2023-01-22(中国大陆),96分钟,https://img1.doubanio.com/view/photo/s_ratio_poster/public/p2886535219.webp,7.2,一个普通的森林夜晚，对小熊大、小熊二宠爱有加的熊妈妈，在一场大火后离开了他们，两熊伤心不已……转眼多年过去，光头强带熊大熊二前往振兴岛参观机器人研究所，却意外得到了熊妈妈的线索，为此熊大、熊二一路探寻……熊妈当年为何不告而别？两熊最终是否能找到妈妈？迷雾重重的背后还有怎样的故事？一切谜团等待揭晓。
35494829,红毯先生,2023,宁浩,刘晓丹 / 王昂,刘德华 / 单立文 / 瑞玛·席丹 / 余伟国 / 宁浩 / 林熙蕾 / 梁家辉 / 杨千嬅 / 王晶 / 张子贤 / 刘漪琳 / 周炜 / 孙阳 / 薛宝鹤 / 马东,剧情 / 喜剧,中国大陆 / 中国香港,汉语普通话 / 粤语,2024-02-10(中国大陆点映) / 2024-03-15(中国大陆) / 2023-09-14(多伦多电影节) / 2023-10-14(平遥国际电影展),127分钟,https://img1.doubanio.com/view/photo/s_ratio_poster/public/p2905249058.webp,6.5,香港天王巨星刘伟驰（刘德华 饰）从影四十年，一直渴望得影帝。他决定与导演林浩（宁浩 饰）合作拍摄农村题材影片，从而在电影节赢得国际声誉。为此，刘伟驰深入农村体验生活、亲自拉投资、拒绝用替身，却因此引发了一系列令人哭笑不得的荒诞闹剧，也展现了娱乐圈的众生百态。
36149032,我们一起摇太阳,2024,韩延,韩延 / 李亮文 / 王小艾 / 杨富芝,彭昱畅 / 李庚希 / 徐帆 / 高亚麟 / 刘丹 / 王迅 / 宋伊人 / 刘迅 / 李晨 / 杨玏 / 李建义 / 李晓川,剧情 / 爱情 / 家庭,中国大陆 / 中国香港,汉语普通话,2024-02-10(中国大陆点映) / 2024-03-30(中国大陆),129分钟,https://img3.doubanio.com/view/photo/s_ratio_poster/public/p2904467472.webp,8.0,当“没头脑”吕途（彭昱畅 饰）遇上“不高兴”凌敏（李庚希 饰），两个身患重症却性格迥异的年轻人，因为“生命接力”的约定，阴差阳错地踏上了一段充满爱与力量的治愈之旅。                                                                      　　影片是韩延导演“生命三部曲”终章，部分取材于纪实报道文章《最功利的婚姻交易，最动情的永恒约定》。
36081094,热辣滚烫,2024,贾玲,贾玲 / 孙集斌 / 刘宏禄 / 郭宇鹏 / 卜钰,贾玲 / 雷佳音 / 张小斐 / 杨紫 / 沙溢 / 乔杉 / 李雪琴 / 马丽 / 魏翔 / 赵海燕 / 张琪 / 沈春阳 / 沈涛 / 许君聪 / 卜钰 / 朱天福 / 刘宏禄 / 张泰维 / 郭宇鹏 / 李海银 / 李国麟 / 张桂玲 / 孙婉竹 / 赵婷婷 / 法志远 / 姬晴 / 曹贺军 / 刘頔 / 贾文田 / 雷鸣武,剧情 / 喜剧 / 运动,中国大陆,汉语普通话,2024-02-10(中国大陆),129分钟,https://img9.doubanio.com/view/photo/s_ratio_poster/public/p2904304396.webp,7.5,大学毕业后仅仅工作短暂的一段时间，杜乐莹（贾玲 饰）便退回家中，宅家长达十年之久。她无所事事，拒绝和外界做过多接触，甚至和家人的关系也变得紧张起来。在和离婚回到娘家的妹妹乐丹（张小斐 饰）一次激烈的冲突后，乐莹选择离家出走，并且在烧烤店找了服务员的工作勉强维生。爱情、亲情、人生，似乎一时间均跌入了谷底，而阴差阳错间乐莹又结识了落魄的拳击教练昊坤（雷佳音 饰）。她支持着他的梦想，彼此又不得不去面对残酷的现实。人生至暗时刻，随波逐流的女孩是否决心逆流而上？                                                                      　　本片改编自日本电影《百元之恋》。
36438166,熊出没·逆转时空,2024,林汇达,徐芸 / 万秦 / 蒋琳,谭笑 / 张秉君 / 张伟 / 张茗,喜剧 / 科幻 / 动画,中国大陆,汉语普通话,2024-02-10(中国大陆),108分钟,https://img3.doubanio.com/view/photo/s_ratio_poster/public/p2902482452.webp,6.9,光头强是一名普通程序员，却常梦见陌生的森林和两头狗熊。直到他跟上司出访大客户，终于想起：他原是森林的小导游，偶然得到一次重新选择人生的机会。为了挽救旧时间线里的熊大熊二，光头强开始一场奇妙的时空冒险。
36208094,第二十条,2024,张艺谋,李萌 / 张艺谋,雷佳音 / 马丽 / 赵丽颖 / 高叶 / 刘耀文 / 王骁 / 陈明昊 / 潘斌龙 / 张译 / 范伟 / 于和伟 / 许亚军 / 李乃文 / 蒋奇明 / 阿如那 / 杨皓宇 / 许静雅 / 乔杉 / 蒋诗萌 / 王沛禄 / 丁勇岱 / 刘奕铁 / 陈宣菲 / 史彭元 / 李晓川 / 杨一威 / 许文赫 / 宋木子 / 多习 / 飞凡 / 蒋鹏宇 / 王乃训 / 陈永胜 / 张壹男 / 黄炎 / 宋家腾 / 林博洋 / 张磊 / 李鲲,剧情 / 喜剧 / 家庭,中国大陆,汉语普通话 / 中国手语,2024-02-10(中国大陆),141分钟,https://img9.doubanio.com/view/photo/s_ratio_poster/public/p2903145026.webp,7.5,人过中年的检察官韩明（雷佳音 饰）早已没了往日的锋芒，每日里柴米油盐，鸡毛蒜皮，尽快从挂职转正是他最为关心的问题。在此期间，康村王永强（潘斌龙 饰）为保护哑巴妻子（赵丽颖 饰）捅伤村霸刘文经（阿如那 饰）的案件甚嚣尘上。刘的家人纠集村匪恶霸上访闹事，要求判处王死刑。韩明的初恋女友——女检察官吕玲玲（高叶 饰）顶住各方压力，执意要找到关系案件走向的重要证据。另一方面，韩的儿子韩雨辰（刘耀文 饰）为制止校园霸凌将学校张主任（张译 饰）儿子打伤，关于是否应该道歉，双方展开了拉锯战。                                                                      　　为了左右案件走向，康村人试图强迫王的妻子就范，矛盾逐渐升级……
36369452,飞驰人生2,2024,韩寒,韩寒,沈腾 / 范丞丞 / 尹正 / 张本煜 / 孙艺洲 / 魏翔 / 贾冰 / 郑恺 / 冯绍峰 / 黄景瑜 / 刘昊然 / 于适 / 胡先煦 / 阎鹤祥 / 周野芒 / 高华阳 / 孙强 / 范高翔 / 郝瀚,剧情 / 喜剧 / 运动,中国大陆,汉语普通话,2024-02-10(中国大陆),121分钟,https://img9.doubanio.com/view/photo/s_ratio_poster/public/p2903066285.webp,7.6,五年前巴音布鲁克的悲壮一搏，传奇车手张驰（沈腾 饰）赢得了比赛，却输掉了一切。因铅封始终未能找到，他的成绩被组委会取消，为了谋生开办驾校又遭到网络恶意中伤，穷困潦倒，不闻一名。偶然的一天，一通电话让他重燃赛车手的热情。濒临停产的老头乐车厂厂长（贾冰 饰）是张驰的粉丝，他 主动提出赞助让张驰的车队去拼搏最后一届巴音布鲁克。老头乐的员工厉小海（范丞丞 饰）天赋出众，在张驰、孙宇强（尹正 饰）、记星（张本煜 饰）和万年不及格的菜鸟驾校学员刘显德（孙艺洲 饰）联合训练下，小海成长迅速。                                                                      　　只是通往胜利的道路充满艰辛与磨难，有的人过于理想，有的人太过现实……
34780991,哪吒之魔童闹海,2025,饺子,饺子,吕艳婷 / 囧森瑟夫 / 瀚墨 / 陈浩 / 绿绮 / 张珈铭 / 杨卫 / 王德顺 / 雨辰 / 李南 / 周泳汐 / 韩雨泽 / 南屿 / 张运气 / 杏林儿 / 王智行 / 张稷 / 良生 / 幻听 / 零柒 / 龚格尔 / 陈厚霖 / 小薇 / 饺子,剧情 / 喜剧 / 动画 / 奇幻,中国大陆,汉语普通话,2025-01-29(中国大陆),144分钟,https://img2.doubanio.com/view/photo/s_ratio_poster/public/p2916323291.webp,8.4,天劫之后，哪吒、敖丙的灵魂虽保住了，但肉身很快会魂飞魄散。太乙真人打算用七色宝莲给二人重塑肉身。但是在重塑肉身的过程中却遇到重重困难，哪吒、敖丙的命运将走向何方？
36282639,唐探1900,2025,陈思诚 / 戴墨,陈思诚,王宝强 / 刘昊然 / 周润发 / 白客 / 张新成 / 岳云鹏 / 约翰·库萨克 / 安娜 / 太保 / 王雨甜 / 张傲月 / 柯国庆 / 萨姆·海登-史密斯 / 肖恩·科恩克 / 暗真 / 魏翔 / 尹正 / 奚美娟 / 李诚儒 / 小沈阳 / 冯文娟 / 桑平 / 曹瑞 / 王皓 / 陈创 / 蒋易 / 李宛妲,喜剧 / 动作 / 悬疑,中国大陆 / 中国香港,汉语普通话 / 英语,2025-01-29(中国大陆),136分钟,https://img9.doubanio.com/view/photo/s_ratio_poster/public/p2917556416.webp,6.4,1900年，在美国旧金山唐人街，华裔印第安猎人阿鬼（王宝强 饰）与留美青年秦福（刘昊然 饰）因一场凶杀案偶然结识，误打误撞组成“唐人街神探”组合。开启了一场笑闹探案之旅……
30181250,封神第二部：战火西岐,2025,乌尔善,冉平 / 冉甲男 / 乌尔善 / 曹昇,黄渤 / 于适 / 那尔那茜 / 陈牧驰 / 费翔 / 娜然 / 吴兴国 / 韩鹏翼 / 此沙 / 武亚凡 / 夏雨 / 袁泉 / 冯绍峰 / 钱波 / 马文忠 / 巴雅尔图 / 僧格仁钦 / 艾力库 / 张艺泷 / 那音太 / 刘潮 / 吴汉坤 / 百力嘎 / 刘乐 / 陈坤 / 春晓 / 其勒木格 / 张雪菡 / 图门巴雅尔 / 李泽宇 / 杨大鹏,动作 / 战争 / 奇幻 / 古装,中国大陆,汉语普通话,2025-01-29(中国大陆),144分钟,https://img3.doubanio.com/view/photo/s_ratio_poster/public/p2917559392.webp,5.7,姜子牙、姬发带队坚守西岐，家园保卫战一触即发！邓婵玉、闻仲奉商王殷寿之命，率魔家四将等殷商大军征伐西岐，西岐一方得殷郊、雷震子、杨戬、哪吒等相助，更聚全民之力守卫家园。兵戈相对、法术交锋，两大阵营掀起强强对决，关于“封神榜” 的争夺正在继续......
36289423,射雕英雄传：侠之大者,2025,徐克,徐克 / 宋譞,肖战 / 庄达菲 / 梁家辉 / 张文昕 / 巴雅尔图 / 阿如那 / 蔡少芬 / 胡军 / 吴兴国 / 纳仁巴特尔 / 依特格勒 / 李海涛 / 图门巴雅尔 / 威力斯 / 元彬 / 杜玉明 / 释彦能 / 许明虎 / 李晨 / 李欣阳 / 孙建魁 / 徐向东 / 王涌澄 / 刘占领,武侠,中国大陆,汉语普通话 / 蒙语,2025-01-29(中国大陆),146分钟,https://img1.doubanio.com/view/photo/s_ratio_poster/public/p2917502509.webp,5.2,恩怨情仇的江湖，权势角力的战乱时代，郭靖（肖战 饰）童年离别家乡，逐渐炼就可改变局面和命运的庞大力量。虽受高人赏识和器重，得传天下绝世武功“九阴真经”和“降龙十八掌”，却惹来各方嫉忌，成为众矢之的。                                                                      　　郭靖，不亢不卑，怀赤子之心，与黄蓉（庄达菲 饰）在铁骑箭雨和硝烟旌旗中，力挽狂澜，保护南宋边关。                                                                      　　雕海苍穹，勇者无惧，侠之大者，力拔山河，成就武林传说。                                                                      　　本片主要改编自金庸同名原著第34至40章。
36970301,熊出没·重启未来,2025,林永长 / 瞿才佳,徐芸 / 崔铁志 / 刘圳杰,谭笑 / 张秉君 / 张伟 / 刘思奇,剧情 / 喜剧 / 科幻 / 动画,中国大陆,汉语普通话,2025-01-29(中国大陆),108分钟,https://img9.doubanio.com/view/photo/s_ratio_poster/public/p2917469446.webp,7.1,熊大、熊二、光头强意外地和来自未来世界的小亮一起穿越到100年后：世界发生巨大灾变，孢子植物全面侵占，人类在末日中艰难求生，整个地球危在旦夕！而这一切的罪魁祸首竟是......光头强？！                                                                      　　100年前究竟发生了什么？小亮是敌是友？光头强为何背负恶名？人类命运最终会走向何方？熊强三人组能否穿透这层层迷雾，重启未来？
35295960,蛟龙行动,2025,林超贤,谭宇力 / 王圣博 / 冯骥,黄轩 / 于适 / 张涵予 / 段奕宏 / 王俊凯 / 杜江 / 李晨 / 王彦霖 / 蒋璐霞 / 韩东君 / 李九霄 / 高戈 / 孙毅 / 于震 / 袁文康 / 叶禾 / 翟宇佳 / 李璟羿 / 王子宸 / 郭洺宇 / 杜晓帆 / 杜燕歌,剧情 / 动作 / 战争,中国大陆,汉语普通话 / 英语,2025-01-29(中国大陆) / 2025-08-30(中国大陆重映),130分钟(特别版),https://img3.doubanio.com/view/photo/s_ratio_poster/public/p2924184687.webp,6.2,未来某日，中国海军截获关键情报——一艘超级潜艇正密谋一项针对我国东南沿海城市的绝密军事计划。我方派出最新型潜艇“龙鲸号”，与蛟龙小队协同作战。海底战场险象环生，蛟龙遭遇重重陷阱，潜艇与敌多番埋伏周旋，更驶入海底火山口遍布的广袤深海，一场惊心动魄、攸关生死存亡的深海决战拉开帷幕……                                                                      　　该影片为《红海行动》续作。
37375594,夜王,2026,吴炜伦,吴炜伦 / 何妙祺 / 张云青,黄子华 / 郑秀文 / 王丹妮 / 廖子妤 / 杨伟伦 / 谢君豪 / 卢镇业 / 何启华 / 杨偲泳 / 谭旻萱 / 李芯駖 / 林熙彤 / 邓丽英 / 蔡蕙琪 / 黄洁琪 / 赵君瑜 / 王紫影 / 黎纪君 / 董玮 / 甄懋强 / 许素莹 / 张可坚 / 徐浩昌 / 陈献略 / 邱颂伟 / 苏民峰 / 麦子云 / 廖颖琛,剧情 / 喜剧,中国大陆 / 中国香港,粤语 / 汉语普通话,2026-02-20(中国大陆) / 2026-02-17(中国香港),133分钟(中国大陆),https://img9.doubanio.com/view/photo/s_ratio_poster/public/p2929673775.webp,7.8,尖东“夜场传奇”欢哥（黄子华 饰）万万没想到，中年最大危机是被收购，空降新上司竟是自己的霸道前妻V姐（郑秀文 饰）。前妻变上司，夜场秒变修罗场，欢哥和团队成员为保饭碗，花招频出，却发现背后是更大的资本收割棋局。夜场灭灯在即，昔日冤家从“互怼”变“盟友”，与东日仝人使出浑身离谱解数，誓与资本硬杠到底！一场爆笑逆袭之战，即将开打......
37242440,惊蛰无声,2026,张艺谋,陈亮,易烊千玺 / 朱一龙 / 宋佳 / 雷佳音 / 杨幂 / 张译 / 刘诗诗 / 刘耀文 / 林博洋 / 潘斌龙 / 姚安娜 / 段奕宏 / 陈明昊 / 江奇霖 / 王圣迪 / 黄炎 / 飞凡 / 蒋鹏宇 / 孟丹青,剧情 / 犯罪,中国大陆,汉语普通话,2026-02-17(中国大陆),104分钟,https://img9.doubanio.com/view/photo/s_ratio_poster/public/p2929759786.webp,5.9,你看不见的地方，谍战从未停止交锋！我国最新战机的涉密信息外泄，国家安全面临威胁，国安小组迅速行动抓捕间谍，在信任与背叛的漩涡中，一场惊心博弈悄然上演……
37427493,熊出没·年年有熊,2026,林汇达,万秦 / 蒋琳 / 徐芸 / 王亦菲,张伟 / 张秉君 / 谭笑 / 王兵兵 / 聂吉轩 / 周子瑜 / 潘耀东 / 贺敬仁 / 贾晨露 / 张茗 / 王思雨 / 崔恩梓 / 李婉瑶 / 刘思奇 / 李芝恩 / 梁晨,喜剧 / 动画 / 奇幻,中国大陆,汉语普通话,2026-02-17(中国大陆),118分钟,https://img2.doubanio.com/view/photo/s_ratio_poster/public/p2930029531.webp,6.5,熊大曾是森林里的“老大哥”，直到一个不速之客到来，它将自己神力传给了熊强，熊大变成了三人组合内能力最弱者。为了改变现状，他步入了反派陷阱，引发了毁天灭地的危机......
36474027,镖人：风起大漠,2026,袁和平,俞白眉 / 苏照彬 / 陈大利 / 杨子,吴京 / 谢霆锋 / 于适 / 陈丽君 / 孙艺洲 / 此沙 / 李云霄 / 梁家辉 / 张晋 / 惠英红 / 张译 / 李连杰 / 刘耀文 / 熊瑾怡 / 莒谦朗 / 白那日苏 / 梁壁荧 / 文俊辉 / 董思成 / 林秋楠 / 景瓷 / 张艺泷 / 李嘉辉 / 寇占文 / 代乐乐 / 释彦能 / 徐向东 / 淳于珊珊 / 孟鹤堂 / 于荣光 / 陈少熙 / 赵箭 / 袁和平,动作 / 武侠 / 古装,中国大陆,汉语普通话,2026-02-17(中国大陆),126分钟,https://img9.doubanio.com/view/photo/s_ratio_poster/public/p2929760596.webp,7.5,大漠之上，镖人、官府、西域五大家族等多方势力盘根错节、暗潮涌动。“天字第二号逃犯”刀马接下特殊押镖任务，和同伴一起从西域护镖远赴长安。不料，他们的护送对象竟是“天字第一号逃犯”知世郎……天下熙熙皆为利来，各方势力闻风入局，抢镖厮杀接连上演……
37311135,飞驰人生3,2026,韩寒,韩寒 / 周运海 / 蒙问雨,沈腾 / 尹正 / 黄景瑜 / 张本煜 / 魏翔 / 沙溢 / 范丞丞 / 孙艺洲 / 段奕宏 / 张新成 / 胡先煦 / 李治廷 / 白宇帆 / 周政杰 / 高华阳 / 刘巴特尔 / 何澳 / 贾冰 / 王安宇 / 陈永胜 / 冯绍峰 / 郝瀚,剧情 / 喜剧 / 运动,中国大陆,汉语普通话,2026-02-17(中国大陆),126分钟,https://img9.doubanio.com/view/photo/s_ratio_poster/public/p2929427346.webp,7.2,巴音布鲁克最后一站收官后，张驰（沈腾 饰）受邀作为车队主教练征战全新赛事“沐尘100拉力赛”，“野生车手”走上国际舞台！面对高手如云的全新赛道，孙宇强（尹正 饰）、记星（张本煜 饰）一如既往协同作战，林臻东（黄景瑜 饰）等实力车手应邀强势集结，一支凝聚了顶配速度与信念的车队就此成立！然而，张驰发现真正的挑战仿佛并非来自比赛本身，赛场之外暗流涌动，让他们飞驰之路充满变数……
